{
    "stat": {
        "ru_self_end": {
            "ru_maxrss_kb": 76892,
            "ru_utime_sec": 0.045884000000000001,
            "ru_stime_sec": 0.047106000000000002,
            "ru_nivcsw": 6,
            "ru_nvcsw": 38,
            "ru_minflt": 30099,
            "ru_majflt": 8
        },
        "ru_childs_end": {
            "ru_maxrss_kb": 18764,
            "ru_utime_sec": 0.013488,
            "ru_stime_sec": 0.016059,
            "ru_nivcsw": 25,
            "ru_nvcsw": 27,
            "ru_minflt": 10701,
            "ru_majflt": 1
        },
        "cpu_cycles_end": 607995825178534,
        "peak_mem_kb": 288816
    },
    "Modules": {
        "...MASTER...": {
            "start_perf": [
                0.1368110179901123,
                0.033058999999999998,
                0.040767999999999999,
                275748,
                288816,
                1743176444.8257799,
                607995773980206
            ],
            "end_perf": [
                0.14116001129150391,
                0.033882000000000002,
                0.042096000000000001,
                276784,
                288816,
                607995783206024,
                0,
                0
            ],
            "child_modules": {
                "std": 1,
                "tb_top": 1
            },
            "nQuads": 0,
            "nMops": 0,
            "nRouts": 5
        },
        "std": {
            "Compiled Times": 3,
            "start_perf": [
                0.14120912551879883,
                0.033904999999999998,
                0.042124000000000002,
                276784,
                288816,
                1743176444.830178,
                607995783289856
            ],
            "child_modules": {},
            "end_perf": [
                0.14324617385864258,
                0.034927,
                0.043145000000000003,
                277180,
                288816,
                607995787621458,
                8589934594,
                0
            ],
            "Compiled": "Yes",
            "svclass": [
                "$vcs_nba_dyn_obj",
                0,
                35,
                2,
                2,
                0,
                "sigprop$$",
                0,
                35,
                2,
                2,
                0,
                "process",
                0,
                200,
                8,
                8,
                0,
                "event",
                0,
                34,
                2,
                2,
                0,
                "mailbox",
                0,
                140,
                9,
                9,
                0,
                "semaphore",
                0,
                84,
                5,
                5,
                0
            ],
            "nQuads": 218,
            "nMops": 528,
            "nRouts": 33
        },
        "tb_top": {
            "Compiled Times": 3,
            "start_perf": [
                0.14327502250671387,
                0.034939999999999999,
                0.043160999999999998,
                277180,
                288816,
                1743176444.8322439,
                607995787666084
            ],
            "child_modules": {},
            "end_perf": [
                0.15825915336608887,
                0.044098999999999999,
                0.046149999999999997,
                281176,
                288816,
                607995819444715,
                17179869185,
                0
            ],
            "Compiled": "Yes",
            "nQuads": 1236,
            "significant_routs": [
                [
                    14,
                    "R_VCSgd_jdPWL_e",
                    4018067,
                    10109,
                    905
                ],
                [
                    69,
                    "R_VCSgd_jdPWL_45",
                    2167283,
                    4512,
                    690
                ]
            ],
            "nMops": 3577,
            "nRouts": 81
        }
    },
    "CompUnits": {
        "jdPWL_d": {
            "mod": "tb_top",
            "bytes": 48526,
            "out": "jdPWL_d.o",
            "text": 29217,
            "mode": 4,
            "checksum": 0,
            "archive": "archive.2/_102685_archive_1.a"
        }
    },
    "ObjArchives": [
        {
            "archive": "archive.2/_102685_archive_1.a",
            "objects": [
                [
                    "jdPWL_d.o",
                    48526
                ],
                [
                    "amcQwB.o",
                    116066
                ]
            ],
            "size": 164592
        }
    ],
    "reusePaths": {
        "amcQw_d": {
            "icPath": "csrc"
        },
        "reYIK_d": {
            "icPath": "csrc"
        }
    }
}